Q_ID,FACTOR,SUPER FACTOR,ITEM HEBREW,ITEM ENGLISH,REV,TYPE,ANSWER HEBREW,ANSWER ENGLISH,ANS_OPT_HEBREW,ANS_OPT_ENGLISH,AYALON
agreeableness_1,agreeableness,emotional intelligence,אני מזדהה עם רגשות של אחרים,Sympathize with others' feelings.,,P,,,לא מסכים בכלל-מסכים מאוד,,yes
agreeableness_2r,agreeableness,emotional intelligence,אני לא מתעניין/ת בבעיות של אנשים אחרים,Am not interested in other people's problems.,yes,P,,,לא מסכים בכלל-מסכים מאוד,,yes
agreeableness_3,agreeableness,emotional intelligence,אני מרגיש את הרגשות של אנשים אחרים,Feel others' emotions.,,P,,,לא מסכים בכלל-מסכים מאוד,,yes
agreeableness_4r,agreeableness,emotional intelligence,אנשים אחרים לא באמת מעניינים אותי,Am not really interested in others.,yes,P,,,לא מסכים בכלל-מסכים מאוד,,yes
conscientiousness_1,conscientiousness,efficiency,אני מסיים/ת מטלות באופן מיידי,Get chores done right away.,,P,,,לא מסכים בכלל-מסכים מאוד,,yes
conscientiousness_2r,conscientiousness,efficiency,לעתים קרובות אני שוכח/ת לשים דברים חזרה במקומם,Often forget to put things back in their proper place.,yes,P,,,לא מסכים בכלל-מסכים מאוד,,yes
conscientiousness_3,conscientiousness,efficiency,אני אוהב/ת סדר,Like order.,,P,,,לא מסכים בכלל-מסכים מאוד,,yes
conscientiousness_4r,conscientiousness,efficiency,אני מבולגן/ת,Make a mess of things.,yes,P,,,לא מסכים בכלל-מסכים מאוד,,yes
extroversion_1,extroversion,emotional intelligence,אני הרוח החיה במסיבה,Am the life of the party.,,P,,,לא מסכים בכלל-מסכים מאוד,,yes
extroversion_2r,extroversion,emotional intelligence,אני לא מדבר/ת הרבה,Don't talk a lot.,yes,P,,,לא מסכים בכלל-מסכים מאוד,,yes
extroversion_3,extroversion,emotional intelligence,במסיבות אני מדבר/ת עם הרבה אנשים,Talk to a lot of different people at parties.,,P,,,לא מסכים בכלל-מסכים מאוד,,yes
extroversion_4r,extroversion,emotional intelligence,אני שומר/ת על פרופיל נמוך,Keep in the background.,yes,P,,,לא מסכים בכלל-מסכים מאוד,,yes
openness_1,openness,learning competence,יש לי דימיון מפותח,Have a vivid imagination.,,P,,,לא מסכים בכלל-מסכים מאוד,,yes
openness_2r,openness,learning competence,"רעיונות מופשטים (לא מוחשיים,  לדוגמא: אהבה, כעס, פילוסופיה, אומנות) לא מעניינים אותי",Am not interested in abstract ideas.,yes,P,,,לא מסכים בכלל-מסכים מאוד,,yes
openness_3r,openness,learning competence,"קשה לי להבין רעיונות מופשטים (לא מוחשיים,  לדוגמא: אהבה, כעס, פילוסופיה, אומנות)",Have difficulty understanding abstract ideas.,yes,P,,,לא מסכים בכלל-מסכים מאוד,,yes
openness_4r,openness,learning competence,אין לי דימיון מפותח,Do not have a good imagination.,yes,P,,,לא מסכים בכלל-מסכים מאוד,,yes
neuroticism_1r,un-neuroticism,emotional regulation,יש לי שינויים תכופים במצב הרוח,Have frequent mood swings.,yes,P,,,לא מסכים בכלל-מסכים מאוד,,yes
neuroticism_2,un-neuroticism,emotional regulation,רוב הזמן אני רגוע/ה,Am relaxed most of the time.,,P,,,לא מסכים בכלל-מסכים מאוד,,yes
neuroticism_3r,un-neuroticism,emotional regulation,אני מתרגז/ת בקלות,Get upset easily.,yes,P,,,לא מסכים בכלל-מסכים מאוד,,yes
neuroticism_4,un-neuroticism,emotional regulation,אני מרגיש/ה עצוב/ה לעיתים רחוקות,Seldom feel blue.,,P,,,לא מסכים בכלל-מסכים מאוד,,yes
outcome_1,outcome driven,persistence,אני מכוון/ת ישר למטרה,Go straight for the goal.,,P,,,לא מסכים בכלל-מסכים מאוד,,yes
outcome_2,outcome driven,persistence,אני עובד/ת קשה,Work hard.,,P,,,לא מסכים בכלל-מסכים מאוד,,yes
outcome_3,outcome driven,persistence,אני הופך/ת תוכניות למעשים,Turn plans into actions.,,P,,,לא מסכים בכלל-מסכים מאוד,,yes
outcome_4,outcome driven,persistence,אני מעמיק/ה במשימות עם כל הלב,Plunge into tasks with all my heart.,,P,,,לא מסכים בכלל-מסכים מאוד,,yes
outcome_5,outcome driven,persistence,אני עושה יותר ממה שמצופה ממני,Do more than what's expected of me.,,P,,,לא מסכים בכלל-מסכים מאוד,,yes
outcome_6,outcome driven,persistence,אני מציב/ה סטנדרטים גבוהים לעצמי ולאחרים,Set high standards for myself and others.,,P,,,לא מסכים בכלל-מסכים מאוד,,yes
outcome_7,outcome driven,persistence,אני דורש/ת איכות,Demand quality.,,P,,,לא מסכים בכלל-מסכים מאוד,,yes
outcome_8r,outcome driven,persistence,הייתי רוצה שתהיה לי יותר מוטיבציה להצליח,I would like to have more motivation to succeed.,yes,P,,,לא מסכים בכלל-מסכים מאוד,,yes
outcome_9r,outcome driven,persistence,אני עושה רק את מה שמספיק בשביל להסתדר,Do just enough work to get by.,yes,P,,,לא מסכים בכלל-מסכים מאוד,,yes
outcome_10r,outcome driven,persistence,אני משקיע/ה מעט זמן ומאמץ בעבודה שלי,Put little time and effort into my work.,yes,P,,,לא מסכים בכלל-מסכים מאוד,,yes
assertiveness_1,assertiveness,assertiveness,אני לוקח/ת פיקוד,Take charge.,,P,,,לא מסכים בכלל-מסכים מאוד,,yes
assertiveness_2,assertiveness,assertiveness,אני מנסה להוביל אחרים,Try to lead others.,,P,,,לא מסכים בכלל-מסכים מאוד,,yes
assertiveness_3,assertiveness,assertiveness,אני יכול/ה לשכנע אחרים לעשות דברים,Can talk others into doing things.,,P,,,לא מסכים בכלל-מסכים מאוד,,yes
assertiveness_4,assertiveness,assertiveness,אני מחפש/ת להשפיע על אחרים,Seek to influence others.,,P,,,לא מסכים בכלל-מסכים מאוד,,yes
assertiveness_5,assertiveness,assertiveness,אני לוקח/ת אחריות על דברים,Take control of things.,,P,,,לא מסכים בכלל-מסכים מאוד,,yes
assertiveness_6r,assertiveness,assertiveness,אני מחכה שאחרים יראו לי את הדרך,Wait for others to lead the way.,yes,P,,,לא מסכים בכלל-מסכים מאוד,,yes
assertiveness_7r,assertiveness,assertiveness,אני שומר/ת על פרופיל נמוך,Keep in the background.,yes,P,,,לא מסכים בכלל-מסכים מאוד,,
assertiveness_8r,assertiveness,assertiveness,יש לי מעט להגיד,Have little to say.,yes,P,,,לא מסכים בכלל-מסכים מאוד,,
assertiveness_9r,assertiveness,assertiveness,אני לא אוהב/ת למשוך תשומת לב לעצמי,Don't like to draw attention to myself.,yes,P,,,לא מסכים בכלל-מסכים מאוד,,yes
assertiveness_10r,assertiveness,assertiveness,אני בדרך כלל לא משמיע/ה את דעתי,Hold back my opinions.,yes,P,,,לא מסכים בכלל-מסכים מאוד,,
persistence_1,persistence,persistence,אני לא מפסיק/ה משימה לפני השלמתה,Don't quit a task before it is finished.,,P,,,לא מסכים בכלל-מסכים מאוד,,
persistence_2,persistence,persistence,אני אדם מוכוון-מטרה,Am a goal-oriented person.,,P,,,לא מסכים בכלל-מסכים מאוד,,
persistence_3,persistence,persistence,אני מסיים/ת דברים למרות קשיים בדרך,Finish things despite obstacles in the way.,,P,,,לא מסכים בכלל-מסכים מאוד,,yes
persistence_4,persistence,persistence,אני עובד/ת קשה,Am a hard worker.,,P,,,לא מסכים בכלל-מסכים מאוד,,yes
persistence_5,persistence,persistence,קשה להסיח את דעתי כשאני עובד/ת,Don't get sidetracked when I work.,,P,,,לא מסכים בכלל-מסכים מאוד,,yes
persistence_6r,persistence,persistence,אני לא מסיים/ת מה שהתחלתי,Don't finish what I start.,yes,P,,,לא מסכים בכלל-מסכים מאוד,,yes
persistence_7r,persistence,persistence,אני מוותר/ת בקלות,Give up easily.,yes,P,,,לא מסכים בכלל-מסכים מאוד,,yes
persistence_8r,persistence,persistence,אני נוטה לא להתמיד בדברים שאני מחליט/ה לעשות,Do not tend to stick with what I decide to do.,yes,P,,,לא מסכים בכלל-מסכים מאוד,,yes
eq_1r,emotional intelligence,emotional intelligence,לוקח לי זמן להסתגל לשינויים,Am able to fit into any situation.,yes,P,,,לא מסכים בכלל-מסכים מאוד,,yes
eq_2,emotional intelligence,emotional intelligence,אני יודע/ת לגרום לאנשים להרגיש שהם מעניינים,Have the ability to make others feel interesting.,,P,,,לא מסכים בכלל-מסכים מאוד,,yes
eq_3,emotional intelligence,emotional intelligence,אני יודע/ת מה גורם לאחרים לפעול,Know what makes others tick.,,P,,,לא מסכים בכלל-מסכים מאוד,,yes
eq_4,emotional intelligence,emotional intelligence,אני מסתדר/ת היטב עם אנשים שזה עתה הכרתי,Get along well with people I have just met.,,P,,,לא מסכים בכלל-מסכים מאוד,,yes
eq_5,emotional intelligence,emotional intelligence,אני טוב/ה בלזהות מה אנשים מרגישים,Am good at sensing what others are feeling.,,P,,,לא מסכים בכלל-מסכים מאוד,,yes
eq_6,emotional intelligence,emotional intelligence,אני יודע/ת מה להגיד כדי לגרום לאנשים להרגיש טוב,Know what to say to make people feel good.,,P,,,לא מסכים בכלל-מסכים מאוד,,yes
eq_7r,emotional intelligence,emotional intelligence,אני לא יודע/ת איך להתנהג כשאני במצב חברתי חדש ולא מוכר,Don't know how to handle myself in a new social situation.,yes,P,,,לא מסכים בכלל-מסכים מאוד,,yes
eq_8,emotional intelligence,emotional intelligence,אני יודע/ת איך לנחם אחרים,I know how to comfort others.,,P,,,לא מסכים בכלל-מסכים מאוד,,yes
eq_9,emotional intelligence,emotional intelligence,אני חושב/ת על אחרים לפני עצמי,I think about others first.,,P,,,לא מסכים בכלל-מסכים מאוד,,yes
eq_10,emotional intelligence,emotional intelligence,אני מכבד/ת רגשות של אחרים,I respect others' feelings,,P,,,לא מסכים בכלל-מסכים מאוד,,yes
eq_11,emotional intelligence,emotional intelligence,אני מכבד/ת דעות של אחרים,I respect the opinions of others.,,P,,,לא מסכים בכלל-מסכים מאוד,,yes
eq_12,emotional intelligence,emotional intelligence,אני דואג/ת לרווחת אחרים,Others' well-being is of concern for me,,P,,,לא מסכים בכלל-מסכים מאוד,,yes
eq_13,emotional intelligence,emotional intelligence,אני מתחשב/ת בצרכי אחרים,I consider others' needs.,,P,,,לא מסכים בכלל-מסכים מאוד,,yes
eq_14,emotional intelligence,emotional intelligence,אני מתעדפ/ת את טובתם של אחרים על פני טובתי האישית,I consider others' interests above my own.,,P,,,לא מסכים בכלל-מסכים מאוד,,yes
eq_15,emotional intelligence,emotional intelligence,אני עושה דברים על מנת לשפר את ההרגשה של אחרים,I do things to enhance the well-being of others,,P,,,לא מסכים בכלל-מסכים מאוד,,yes
eq_16,emotional intelligence,emotional intelligence,אני מנסה לנחם אחרים כשהם מוטרדים,I try to comfort others when they are distressed,,P,,,לא מסכים בכלל-מסכים מאוד,,yes
ocb_1,organizational citizenship behavior,organizational citizenship behavior,אני עוזר/ת לעובדים אחרים שיש להם עומס רב בעבודה,I helped others who have heavy workloads.,,P,,,לא מסכים בכלל-מסכים מאוד,,yes
ocb_2,organizational citizenship behavior,organizational citizenship behavior,אני עוזר/ת למנהל/ת שלי עם העבודה שלו/ה (גם כשלא התבקשתי),I assisted my supervisor with his/her work (when not asked). ,,P,,,לא מסכים בכלל-מסכים מאוד,,yes
ocb_3,organizational citizenship behavior,organizational citizenship behavior,אני מתעניין/ת בעובדים אחרים,I took a personal interest in other employees. ,,P,,,לא מסכים בכלל-מסכים מאוד,,yes
ocb_4,organizational citizenship behavior,organizational citizenship behavior,הנוכחות שלי בעבודה גבוהה בהשוואה לאחרים,My attendance at work was above the norm.,,P,,,לא מסכים בכלל-מסכים מאוד,,yes
ocb_5,organizational citizenship behavior,organizational citizenship behavior,אני נותן/ת התראה מוקדמת כשאין באפשרותי להגיע לעבודה,I gave advance notice when I was unable to come to work. ,,P,,,לא מסכים בכלל-מסכים מאוד,,yes
ocb_6,organizational citizenship behavior,organizational citizenship behavior,אני שומר/ת ומגן/ה על ציוד של מקום העבודה שלי,I conserved and protected organizational property.,,P,,,לא מסכים בכלל-מסכים מאוד,,yes
self-efficacy_1,self-efficacy,self-efficacy,"אם אני מנסה מספיק, אני תמיד מצליח/ה לפתור בעיות קשות",I can always manage to solve difficult problems if I try hard enough.,,P,,,לא מסכים בכלל-מסכים מאוד,,
self-efficacy_2,self-efficacy,self-efficacy,"אם מישהו/י מתנגד/ת לי, אני מסוגל/ת למצוא דרכים להשיג את מה שאני רוצה","If someone opposes me, I can find means and ways to get what I want.",,P,,,לא מסכים בכלל-מסכים מאוד,,
self-efficacy_3,self-efficacy,self-efficacy,קל לי להיצמד למטרות שהצבתי לעצמי ולהשיג אותן,It is easy for me to stick to my aims and accomplish my goals.,,P,,,לא מסכים בכלל-מסכים מאוד,,
self-efficacy_4,self-efficacy,self-efficacy,אני בטוח/ה שאני מסוגל/ת להתמודד ביעילות עם אירועים בלתי-צפויים,I am confident that I could deal efficiently with unexpected events.,,P,,,לא מסכים בכלל-מסכים מאוד,,
self-efficacy_5,self-efficacy,self-efficacy,"הודות לתושייה שלי, אני יודע/ת להתמודד עם מצבים בלתי-צפויים","Thanks to my resourcefulness, I know how to handle unforeseen situations.",,P,,,לא מסכים בכלל-מסכים מאוד,,
self-efficacy_6,self-efficacy,self-efficacy,אני יכול/ה לפתור את רוב הבעיות אם אני משקיע/ה את המאמץ הדרוש,I can solve most problems if I invest the necessary effort.,,P,,,לא מסכים בכלל-מסכים מאוד,,
self-efficacy_7,self-efficacy,self-efficacy,אני נשאר/ת רגוע/ה כשאני מתמודד/ת עם קשיים כי אני סומך/ת על כושר ההתמודדות שלי,I can remain calm when facing difficulties because I can rely on my coping abilities.,,P,,,לא מסכים בכלל-מסכים מאוד,,
self-efficacy_8,self-efficacy,self-efficacy,"כשאני מתמודד/ת עם בעיה, אני בדרך-כלל מוצא/ת לה כמה פתרונות","When I am confronted with a problem, I can usually find several solutions.",,P,,,לא מסכים בכלל-מסכים מאוד,,
self-efficacy_9,self-efficacy,self-efficacy,אם אני מוכרח/ה אני יכול/ה לחשוב על משהו לעשות,"If I am in a bind, I can usually think of something to do.",,P,,,לא מסכים בכלל-מסכים מאוד,,
self-efficacy_10,self-efficacy,self-efficacy,"לא משנה מה נקרה בדרכי, אני בדרך כלל מסוגל/ת להתמודד עם זה","No matter what comes my way, I'm usually able to handle it.",,P,,,לא מסכים בכלל-מסכים מאוד,,
self-efficacy_11,self-efficacy,self-efficacy,משלימ/ה משימות בהצלחה,Complete tasks successfully.,,P,,,לא מסכים בכלל-מסכים מאוד,,
self-efficacy_12,self-efficacy,self-efficacy,מבצעת ללא תקלות,Handle tasks smoothly.,,P,,,לא מסכים בכלל-מסכים מאוד,,
self-efficacy_13,self-efficacy,self-efficacy,יודע/ת כיצד לגרום לדברים להתבצע,Know how to get things done.,,P,,,לא מסכים בכלל-מסכים מאוד,,
self-efficacy_14r,self-efficacy,self-efficacy,שופט/ת לא נכון מצבים,Misjudge situations.,,P,,,לא מסכים בכלל-מסכים מאוד,,
self-efficacy_15r,self-efficacy,self-efficacy,לא מבינ/ה דברים,Don't understand things.,,P,,,לא מסכים בכלל-מסכים מאוד,,
self-efficacy_16r,self-efficacy,self-efficacy,יש לי מעט לתרום,Have little to contribute.,,P,,,לא מסכים בכלל-מסכים מאוד,,
self-efficacy_17r,self-efficacy,self-efficacy,קשה לי להבין את ההשלכות של פעולות שלי ,Don't see the consequences of things.,,P,,,לא מסכים בכלל-מסכים מאוד,,
regulation_1r,emotional regulation,emotional regulation,"כשאני נסער/ת, אני מרגיש/ה אשם/ה על כך","When I'm upset, I feel guilty for feeling that way.",yes,P,,,לא מסכים בכלל-מסכים מאוד,,
regulation_2r,emotional regulation,emotional regulation,"כשאני נסער/ת, אני מתבייש/ת בהרגשה הזאת","When I'm upset, I feel ashamed with myself for feeling that way.",yes,P,,,לא מסכים בכלל-מסכים מאוד,,
regulation_3r,emotional regulation,emotional regulation,"כשאני נסער/ת, אני נבוך/ה מההרגשה הזאת","When I'm upset, I become embarrased for feeling that way.",yes,P,,,לא מסכים בכלל-מסכים מאוד,,
regulation_4r,emotional regulation,emotional regulation,"כשאני נסער/ת, אני כועס/ת על עצמי על ההרגשה הזאת","When I'm upset, I become angry with myself for feeling that way.",yes,P,,,לא מסכים בכלל-מסכים מאוד,,
regulation_5r,emotional regulation,emotional regulation,"כשאני נסער/ת, אני מתעצבן/ת על עצמי על ההרגשה הזאת","When I'm upset, I become irritated with myself for feeling that way.",yes,P,,,לא מסכים בכלל-מסכים מאוד,,
regulation_6r,emotional regulation,emotional regulation,"כשאני נסער/ת, אני מרגיש/ה שאני חלש/ה","When I'm upset, I feel like I am weak.",yes,P,,,לא מסכים בכלל-מסכים מאוד,,
regulation_7r,emotional regulation,emotional regulation,"כשאני נסער/ת, קשה לי להתרכז","When I'm upset, I have difficulty concentrating.",yes,P,,,לא מסכים בכלל-מסכים מאוד,,yes
regulation_8r,emotional regulation,emotional regulation,"כשאני נסער/ת, קשה לי להתמקד בדברים אחרים","When I'm upset, I have difficulty focusing on other things.",yes,P,,,לא מסכים בכלל-מסכים מאוד,,yes
regulation_9r,emotional regulation,emotional regulation,"כשאני נסער/ת, קשה לי לסיים דברים","When I'm upset, I have difficulty getting work done.",yes,P,,,לא מסכים בכלל-מסכים מאוד,,yes
regulation_10r,emotional regulation,emotional regulation,"כשאני נסער/ת, קשה לי לחשוב על דברים אחרים","When I'm upset, I have difficulty thinking about anything else.",yes,P,,,לא מסכים בכלל-מסכים מאוד,,yes
regulation_11,emotional regulation,emotional regulation,"כשאני נסער/ת, אני עדיין מסוגל/ת לסיים דברים","When I'm upset, I can still get things done.",,P,,,לא מסכים בכלל-מסכים מאוד,,yes
regulation_12r,emotional regulation,emotional regulation,"כשאני נסער/ת, אני יכול/ה לאבד שליטה על ההתנהגות שלי","When I'm upset, I lose control over my behaviors.",yes,P,,,לא מסכים בכלל-מסכים מאוד,,yes
regulation_13r,emotional regulation,emotional regulation,"כשאני נסער/ת, קשה לי לשלוט בהתנהגות שלי","When I'm upset, I have difficulty controlling my behaviors.",yes,P,,,לא מסכים בכלל-מסכים מאוד,,yes
regulation_14r,emotional regulation,emotional regulation,"כשאני נסער/ת, אני יכול/ה לאבד שליטה","When I'm upset, I become out of control.",yes,P,,,לא מסכים בכלל-מסכים מאוד,,yes
regulation_15r,emotional regulation,emotional regulation,"כשאני נסער/ת, אני מרגיש/ה חוסר שליטה","When I'm upset, I feel out of control.",yes,P,,,לא מסכים בכלל-מסכים מאוד,,yes
regulation_16r,emotional regulation,emotional regulation,"כשאני נסער/ת, הרגשות שלי משתוללים ומציפים אותי",I experience my emotions as overwhelming and out of control.,yes,P,,,לא מסכים בכלל-מסכים מאוד,,yes
regulation_17,emotional regulation,emotional regulation,"כשאני נסער/ת, אני מרגיש/ה שאני יכול/ה לשלוט בהתנהגות שלי","When I'm upset, I feel like I can remain in control of my behaviors.",,P,,,לא מסכים בכלל-מסכים מאוד,,yes
regulation_18,emotional regulation,emotional regulation,אני קשוב/ה לרגשות שלי,I am attentive to my feelings.,,P,,,לא מסכים בכלל-מסכים מאוד,,
regulation_19,emotional regulation,emotional regulation,אני שם/ה לב איך אני מרגיש/ה,I pay attention to how I feel.,,P,,,לא מסכים בכלל-מסכים מאוד,,
regulation_20,emotional regulation,emotional regulation,"כשאני נסער/ת, אני מכיר ברגשות שלי","When I'm upset, I acknowledge my emotions.",,P,,,לא מסכים בכלל-מסכים מאוד,,
regulation_21,emotional regulation,emotional regulation,"כשאני נסער/ת, אני מאמין/ה שהרגשות שלי הגיוניים וחשובים","When I'm upset, I believe that my feelings are valid and important.",,P,,,לא מסכים בכלל-מסכים מאוד,,
regulation_22,emotional regulation,emotional regulation,איכפת לי מאיך שאני מרגיש/ה,I care about what I am feeling.,,P,,,לא מסכים בכלל-מסכים מאוד,,
regulation_23,emotional regulation,emotional regulation,"כשאני נסער/ת, אני לוקח/ת זמן לעצמי כדי להבין איך אני באמת מרגיש/ה","When I'm upset, I take time to figure out what I'm really feeling.",,P,,,לא מסכים בכלל-מסכים מאוד,,
regulation_24r,emotional regulation,emotional regulation,"כשאני נסער/ת, אני מאמין/ה שזה ייגמר בכך שאני אהיה מאוד מדוכא/ת","When I'm upset, I believe that I'll end up feeling very depressed.",yes,P,,,לא מסכים בכלל-מסכים מאוד,,yes
regulation_25r,emotional regulation,emotional regulation,"כשאני נסער/ת, אני מאמין/ה שאני אשאר כך הרבה זמן","When I'm upset, I believe that I will remain that way for a long time.",yes,P,,,לא מסכים בכלל-מסכים מאוד,,yes
regulation_26r,emotional regulation,emotional regulation,"כשאני נסער/ת, אני מאמין/ה שכל מה שאני מסוגל/ת לעשות זה לשקוע בזה","When I'm upset, I believe that wallowing in it is all I can do.",yes,P,,,לא מסכים בכלל-מסכים מאוד,,yes
regulation_27r,emotional regulation,emotional regulation,"כשאני נסער/ת, לוקח לי הרבה זמן להרגיש טוב יותר","When I'm upset, it takes me a long time to feel better.",yes,P,,,לא מסכים בכלל-מסכים מאוד,,yes
regulation_28r,emotional regulation,emotional regulation,"כשאני נסער/ת, אני מאמין/ה שאין דבר שאני יכול/ה לעשות שיגרום לי להרגיש טוב יותר","When I'm upset, I believe that there is nothing I can do to make myself feel better.",yes,P,,,לא מסכים בכלל-מסכים מאוד,,yes
regulation_29,emotional regulation,emotional regulation,"כשאני נסער/ת, אני יודע/ת שבסופו של דבר אני אמצא דרך להרגיש יותר טוב","When I'm upset, I know that I can find a way to eventually feel better.",,P,,,לא מסכים בכלל-מסכים מאוד,,yes
regulation_30r,emotional regulation,emotional regulation,"כשאני נסער/ת, הרגשות שלי מציפים אותי","When I'm upset, my emotions feel overwhelming.",yes,P,,,לא מסכים בכלל-מסכים מאוד,,yes
regulation_31r,emotional regulation,emotional regulation,"כשאני נסער/ת, אני מתחיל/ה להרגיש ממש רע עם עצמי","When I'm upset, I start to feel very bad about myself.",yes,P,,,לא מסכים בכלל-מסכים מאוד,,yes
regulation_32r,emotional regulation,emotional regulation,קשה לי למצוא הגיון ברגשות שלי,I have difficulty making sense out of my feelings.,yes,P,,,לא מסכים בכלל-מסכים מאוד,,
regulation_33r,emotional regulation,emotional regulation,אין לי מושג איך אני מרגיש/ה,I have no idea how I am feeling.,yes,P,,,לא מסכים בכלל-מסכים מאוד,,
regulation_34r,emotional regulation,emotional regulation,אני מבולבל/ת בנוגע לאיך שאני מרגיש/ה,I am confused about how I feel.,yes,P,,,לא מסכים בכלל-מסכים מאוד,,
regulation_35,emotional regulation,emotional regulation,אני יודע/ת בדיוק איך אני מרגיש/ה,I know exactly how I am feeling.,,P,,,לא מסכים בכלל-מסכים מאוד,,
regulation_36,emotional regulation,emotional regulation,אני ברור/ה בנוגע לרגשות שלי,I am clear about my feelings.,,P,,,לא מסכים בכלל-מסכים מאוד,,
profit_1,motivation to make money,motivation to make money,חשוב לי להרוויח כסף,It is important for me to make money,,P,,,לא מסכים בכלל-מסכים מאוד,,yes
profit_2,motivation to make money,motivation to make money,מה שמניע את רוב האנשים בעבודה זה כסף,Money motivates most people at work,,P,,,לא מסכים בכלל-מסכים מאוד,,yes
profit_3r,motivation to make money,motivation to make money,אין לי בעיה להיות תלוי באנשים אחרים מבחינה כלכלית,I have no problem being dependet on other people financially,yes,P,,,לא מסכים בכלל-מסכים מאוד,,yes
profit_4,motivation to make money,motivation to make money,כסף הופך אנשים למאושרים,Money makes people happy,,P,,,לא מסכים בכלל-מסכים מאוד,,yes
profit_5,motivation to make money,motivation to make money,אני חולם/ת להתעשר,I dream of getting rich,,P,,,לא מסכים בכלל-מסכים מאוד,,yes
profit_6,motivation to make money,motivation to make money,המחשבה על להרוויח הרבה כסף מלהיבה אותי,The thought of making a lot of money excites me,,P,,,לא מסכים בכלל-מסכים מאוד,,yes
profit_7,motivation to make money,motivation to make money,חשוב לי להתלבש במותגים,It is important for me to wear brands,,P,,,לא מסכים בכלל-מסכים מאוד,,yes
profit_8,motivation to make money,motivation to make money,אני מקנא/ה באנשים עשירים,I envy rich people,,P,,,לא מסכים בכלל-מסכים מאוד,,yes
profit_9r,motivation to make money,motivation to make money,כסף הוא בשבילי אמצעי להתקיים ולא יותר מזה,Money for me is a means to exist and nothing more,yes,P,,,לא מסכים בכלל-מסכים מאוד,,yes
general_1,general,general,אומרים עליי שיש לי כושר שכנוע,People say I am persuasive,,P,,,לא מסכים בכלל-מסכים מאוד,,
general_2,general,general,אני מסוגל/ת לגרום לאדם לעשות משהו שהוא/היא לא התכוון/ת לעשות בעצמו/ה,I can make a person do something he didn't intend to do in the first place,,P,,,לא מסכים בכלל-מסכים מאוד,,
general_3,general,general,"כשאני רוצה משהו, אני משיג/ה אותו","When I want something, I get it ",,P,,,לא מסכים בכלל-מסכים מאוד,,
general_4r,general,general,"כשמשהו לא הולך לי, אני מעדיף/ה לוותר","when something does not work for me, I prefer to give up",yes,P,,,לא מסכים בכלל-מסכים מאוד,,
general_5,general,general,"כשצריך, אני יודע/ת להיות עקשן/ית","When necessary, I know how to be stubborn",,P,,,לא מסכים בכלל-מסכים מאוד,,
general_6r,general,general,יש אנשים שפשוט אי-אפשר לשנות את דעתם,There are people that are just impossible to change their minds,yes,P,,,לא מסכים בכלל-מסכים מאוד,,
service_1,service orientation,service orientation,האינטראקציה עם לקוחות מהנה עבורי,Interacting with customers is enjoyable.,,P,,,לא מסכים בכלל-מסכים מאוד,,
service_2,service orientation,service orientation,חשוב לי שהלקוח/ה יהיה/תהיה מרוצה,It is important to me that the customer is satisfied.,,P,,,לא מסכים בכלל-מסכים מאוד,,
service_3,service orientation,service orientation,העובדים במקומות העבודה הקודמים שלי סיפקו שירות מצוין,The employees at my restaurant provide excellent service.,,P,,,לא מסכים בכלל-מסכים מאוד,,
service_4,service orientation,service orientation,מנהלים קודמים שלי עודדו אותי לספק שירות מצוין,My manager encourages me to provide excellent service.,,P,,,לא מסכים בכלל-מסכים מאוד,,
service_5,service orientation,service orientation,ההכשרה שקיבלתי בעבר הכינה אותי לספק שירות מצוין,The training I received prepared me to provide excellent service.,,P,,,לא מסכים בכלל-מסכים מאוד,,
service_6,service orientation,service orientation,לקוחות מתנהגים אליי בכבוד,Customers treat me with respect.,,P,,,לא מסכים בכלל-מסכים מאוד,,
service_7r,service orientation,service orientation,"במקומות עבודה קודמים, בשעות העומס היה כל כך עמוס שלא הצלחנו לספק שירות מצוין",At peak hours it's so busy we can't provide excellent service.,yes,P,,,לא מסכים בכלל-מסכים מאוד,,
service_8,service orientation,service orientation,נהלי העבודה במקומות העבודה הקודמים שלי אפשרו לספק שירות מצוין בקלות,Our service procedures make it easy for me to give excellent service.,,P,,,לא מסכים בכלל-מסכים מאוד,,
service_9r,service orientation,service orientation,"המנהל שלי מצפה ממני לעבוד לפי הנהלים, גם אם זה אומר לתת שירות פחות טוב","My manager expects us to always follow procedures, even if it means giving less than excellent service.",yes,P,,,לא מסכים בכלל-מסכים מאוד,,
desirability_1r,social desirability,social desirability,לפעמים אני משליך/ה אשפה לא בפח,I sometimes litter.,yes,P,,,לא מסכים בכלל-מסכים מאוד,,?
desirability_2,social desirability,social desirability,אני תמיד מודה בטעויותיי ומתמודד/ת עם ההשלכות השליליות שלהן,I always admit my mistakes openly and face the potential negative consequences.,,P,,,לא מסכים בכלל-מסכים מאוד,,yes
desirability_3,social desirability,social desirability,בחיים אני תמיד מנומס/ת ומתחשב/ת באחרים,In life I am always polite and considerate of others.,,P,,,לא מסכים בכלל-מסכים מאוד,,yes
desirability_4,social desirability,social desirability,"התנסיתי בסמים לא חוקיים (לדוגמא, מריחאונה, קוקאין, וכו')","I have tried illegal drugs (for example, marijuana, cocaine, etc.).",,P,,,לא מסכים בכלל-מסכים מאוד,,
desirability_5,social desirability,social desirability,"אני תמיד מקבל/ת את דעותיהם של אחרים, אפילו כשהם/ן לא מסכימים/ות עם הדעות שלי","I always accept others' opinions, even when they don't agree with my own.",,P,,,לא מסכים בכלל-מסכים מאוד,,yes
desirability_6r,social desirability,social desirability,לפעמים אני מוציא/ה על אחרים את מצב הרוח הרע שלי,I take out my bad moods on others now and then.,yes,P,,,לא מסכים בכלל-מסכים מאוד,,
desirability_7r,social desirability,social desirability,קרה מקרה שבו ניצלתי מישהו/י אחר/ת,There has been an occasion when I took advantage of someone else.,yes,P,,,לא מסכים בכלל-מסכים מאוד,,
desirability_8,social desirability,social desirability,בשיחות אני תמיד מקשיב/ה ונותן/ת לאחרים/ות לסיים את המשפטים שלהם/ן,In conversation I always listen attentively and let others finish their sentences.,,P,,,לא מסכים בכלל-מסכים מאוד,,yes
desirability_9,social desirability,social desirability,אני אף פעם לא מהסס/ת לעזור למישהו/י במקרה חירום,I never hesitate to help someone in case of emergency.,,P,,,לא מסכים בכלל-מסכים מאוד,,yes
desirability_10,social desirability,social desirability,"כשאני מבטיח/ה משהו, אני מקיים/ת אותו - בלי ""אם"", ""או"" או ""אבל""","When I have made a promise, I keep it - no ifs, ands or buts.",,P,,,לא מסכים בכלל-מסכים מאוד,,
desirability_11r,social desirability,social desirability,לפעמים אני מדבר/ת לרעה על אחרים מאחורי גבם,I occasionally speak badly of others behind their back.,yes,P,,,לא מסכים בכלל-מסכים מאוד,,yes
desirability_12,social desirability,social desirability,לעולם לא אחיה על גבם של אנשים אחרים,I would never live off other people.,,P,,,לא מסכים בכלל-מסכים מאוד,,
desirability_13,social desirability,social desirability,"אני תמיד נשאר/ת חברותי/ת ואדיב/ה לאנשים אחרים, גם כשאני מאוד לחוץ/ה","I always stay friendly and courteous with other people, even when I am stressed out.",,P,,,לא מסכים בכלל-מסכים מאוד,,
desirability_14,social desirability,social desirability,בוויכוחים אני תמיד שומר/ת על אובייקטיביות והיצמדות לעובדות,During arguments I always stay objective and matter-of-fact.,,P,,,לא מסכים בכלל-מסכים מאוד,,
desirability_15r,social desirability,social desirability,קרה ששכחתי להחזיר פריט ששאלתי ממישהו/י אחר/ת,There has been at least one occasion when I failed to return an item that I borrowed.,yes,P,,,לא מסכים בכלל-מסכים מאוד,,yes
desirability_16,social desirability,social desirability,אני תמיד אוכל/ת אוכל בריא,I always eat a healthy diet.,,P,,,לא מסכים בכלל-מסכים מאוד,,yes
desirability_17r,social desirability,social desirability,לפעמים אני עוזר/ת רק בגלל שאני מצפה לקבל משהו בתמורה,Sometimes I only help because I expect something in return.,yes,P,,,לא מסכים בכלל-מסכים מאוד,,yes
desirability_18r,social desirability,social desirability,לפעמים אני משקר/ת אם אין לי ברירה אחרת,I sometimes tell lies if I have to.,yes,P,,,לא מסכים בכלל-מסכים מאוד,,
desirability_19,social desirability,social desirability,לעולם איני מקלל,I never swear.,,P,,,לא מסכים בכלל-מסכים מאוד,,
desirability_20r,social desirability,social desirability,לפעמים אני מעדיף/ה להחזיר למי שפגע בי מאשר לסלוח ולשכוח,I sometimes try to get even rather than forgive and forget.,yes,P,,,לא מסכים בכלל-מסכים מאוד,,
desirability_21,social desirability,social desirability,"אני תמיד מציית לחוקים, גם אם אין סיכויי שאתפס","I always obey laws, even if I'm unlikely to get caught.",,P,,,לא מסכים בכלל-מסכים מאוד,,
desirability_22,social desirability,social desirability,"כאשר אני שומע/ת שאנשים מדברים ביניהם בפרטיות, אני נמנע/ת מלהקשיב","When I hear people talking privately, I avoid listening.",,P,,,לא מסכים בכלל-מסכים מאוד,,
desirability_23r,social desirability,social desirability,קיבלתי יותר עודף ממה שהגיע לי ממוכר בחנות מבלי ליידע אותו על כך,I have received too much change from a salesperson without telling him or her.,yes,P,,,לא מסכים בכלל-מסכים מאוד,,
desirability_24,social desirability,social desirability,אני תמיד מצהיר/ה במכס על כל מה שהבאתי,I always declare everything at customs.,,P,,,לא מסכים בכלל-מסכים מאוד,,
desirability_25r,social desirability,social desirability,"כשהייתי צעיר/ה, לפעמים גנבתי דברים",When I was young I sometimes stole things.,yes,P,,,לא מסכים בכלל-מסכים מאוד,,
desirability_26r,social desirability,social desirability,יש דברים שעשיתי ואני לא מספר/ת עליהם לאנשים אחרים,I have done things that I don't tell other people about.,yes,P,,,לא מסכים בכלל-מסכים מאוד,,
desirability_27,social desirability,social desirability,לעולם איני לוקח דברים שאינם שייכים לי,I never take things that don't belong to me.,,P,,,לא מסכים בכלל-מסכים מאוד,,
desirability_28r,social desirability,social desirability,לקחתי חופשת מחלה (מעבודה או לימודים) למרות שלא הייתי באמת חולה,I have taken sick-leave from work or school even though I wasn't really sick.,yes,p,,,לא מסכים בכלל-מסכים מאוד,,
desirability_29,social desirability,social desirability,לא קרה שגרמתי נזק לספר בספריה או לסחורה בחנות מבלי שדיווחתי על כך,I have never damaged a library book or store merchandise without reporting it.,,p,,,לא מסכים בכלל-מסכים מאוד,,
desirability_30r,social desirability,social desirability,יש לי כמה הרגלים ממש רעים,I have some pretty awful habits.,yes,p,,,לא מסכים בכלל-מסכים מאוד,,
sociability_1,sociability,emotional intelligence,מרגיש/ה בנוח ליד אחרים,Feel comfortable around people.,,P,,,לא מסכים בכלל-מסכים מאוד,,
sociability_2,sociability,emotional intelligence,מתנהג בנוחות ליד אחרים,Act comfortably with others.,,P,,,לא מסכים בכלל-מסכים מאוד,,
sociability_3,sociability,emotional intelligence,מיומנ/ת בהתמודדות עם מצבים חברתיים,Am skilled in handling social situations.,,P,,,לא מסכים בכלל-מסכים מאוד,,
sociability_4,sociability,emotional intelligence,מדבר/ת עם הרבה אנשים במסיבות,Talk to a lot of different people at parties.,,P,,,לא מסכים בכלל-מסכים מאוד,,
sociability_5,sociability,emotional intelligence,פותח/ת בשיחות,Start conversations.,,P,,,לא מסכים בכלל-מסכים מאוד,,
sociability_6r,sociability,emotional intelligence,לעיתים חש/ה לא בנוח ליד אחרים,Often feel uncomfortable around others.,yes,P,,,לא מסכים בכלל-מסכים מאוד,,
sociability_7r,sociability,emotional intelligence,יש לי מעט להגיד,Have little to say.,yes,P,,,לא מסכים בכלל-מסכים מאוד,,
sociability_8r,sociability,emotional intelligence,יש לי קשיים לפנות אל אחרים,Find it difficult to approach others.,yes,P,,,לא מסכים בכלל-מסכים מאוד,,
sociability_9r,sociability,emotional intelligence,יש לי קשיים לבטא את רגשותיי,Have difficulty expressing my feelings.,yes,P,,,לא מסכים בכלל-מסכים מאוד,,
sociability_10r,sociability,emotional intelligence,אני מרגיש/ה בנוח רק עם חבריי,Only feel comfortable with friends.,yes,P,,,לא מסכים בכלל-מסכים מאוד,,
sociability_11,sociability,emotional intelligence,אני גורמ/ת לאנשים להרגיש רצויים,I make people feel welcome.,,P,,,לא מסכים בכלל-מסכים מאוד,,
sociability_12,sociability,emotional intelligence,אני מסתדר/ת היטב עם רוב האנשים,I can get along with most people.,,P,,,לא מסכים בכלל-מסכים מאוד,,
sociability_13,sociability,emotional intelligence,אני מתחבר/ת בקלות,I make friends easily.,,P,,,לא מסכים בכלל-מסכים מאוד,,
sociability_14,sociability,emotional intelligence,אנשים מרגישים נינוחים לידי,People feel at ease around me.,,P,,,לא מסכים בכלל-מסכים מאוד,,
sociability_15,sociability,emotional intelligence,אחרים חושבים שאני חברותי/ת,Others consider me friendly.,,P,,,לא מסכים בכלל-מסכים מאוד,,
sociability_16,sociability,emotional intelligence,אני אוהב/ת לפגוש אנשים חדשים,I like meeting new people.,,P,,,לא מסכים בכלל-מסכים מאוד,,
sociability_17,sociability,emotional intelligence,אני מתקשרת עם אחרים בקלות,I interact easily with others.,,P,,,לא מסכים בכלל-מסכים מאוד,,
sociability_18r,sociability,emotional intelligence,אני מעדיפ/ה לא לפגוש אנשים חדשים,I avoid meeting new people.,yes,P,,,לא מסכים בכלל-מסכים מאוד,,
sociability_19,sociability,emotional intelligence,אני חברותי/ת מטבעי,I have a friendly disposition.,,P,,,לא מסכים בכלל-מסכים מאוד,,
sociability_20,sociability,emotional intelligence,אני נהנה/ית מחברתם של אחרים,I enjoy the company of others.,,P,,,לא מסכים בכלל-מסכים מאוד,,
sociability_21,sociability,emotional intelligence,נראה כי אנשים מחבבים אותי,People seem to like me.,,P,,,לא מסכים בכלל-מסכים מאוד,,
sociability_22,sociability,emotional intelligence,אני נהנה/ית לדבר עם אחרים,I enjoy talking to others.,,P,,,לא מסכים בכלל-מסכים מאוד,,
sociability_23,sociability,emotional intelligence,אני גורמת לאנשים שהרגע הכרתי להרגיש בנוח,I put new acquaintances at ease.,,P,,,לא מסכים בכלל-מסכים מאוד,,
sociability_24,sociability,emotional intelligence,אני מתחיל/ה שיחות עם אנשים שאיני מכירה בקלות,I start conversations with strangers easily.,,P,,,לא מסכים בכלל-מסכים מאוד,,
competence_1,learning competence,learning competence,אני לומד/ת במהירות,Learn quickly.,,P,,,לא מסכים בכלל-מסכים מאוד,,yes
competence_2,learning competence,learning competence,אני משתמש/ת בשכל שלי,Use my brain.,,P,,,לא מסכים בכלל-מסכים מאוד,,yes
competence_3,learning competence,learning competence,אני מצטיין/ת במה שאני עושה,Excel in what I do.,,P,,,לא מסכים בכלל-מסכים מאוד,,yes
competence_4,learning competence,learning competence,אני מסתכל/ת על העובדות,Look at the facts.,,P,,,לא מסכים בכלל-מסכים מאוד,,yes
competence_5,learning competence,learning competence,אני מתמודד/ת עם אתגרים,Meet challenges.,,P,,,לא מסכים בכלל-מסכים מאוד,,yes
competence_6,learning competence,learning competence,אני מחפש/ת הסברים לדברים,Seek explanations of things.,,P,,,לא מסכים בכלל-מסכים מאוד,,yes
competence_7,learning competence,learning competence,אני צריך/ה שדברים יוסברו לי פעם אחת,Need things explained only once.,,P,,,לא מסכים בכלל-מסכים מאוד,,yes
competence_8,learning competence,learning competence,אני בעל/ת פתרונות טובים,Come up with good solutions.,,P,,,לא מסכים בכלל-מסכים מאוד,,yes
competence_9,learning competence,learning competence,מלא/ה ברעיונות,Am full of ideas.,,P,,,לא מסכים בכלל-מסכים מאוד,,yes
competence_10,learning competence,learning competence,אני יודע/ת איך ליישם את הידע שלי,Know how to apply my knowledge.,,P,,,לא מסכים בכלל-מסכים מאוד,,yes
efficiency_1,efficiency,efficiency,אני מדייק/ת בעבודתי, Am exacting in my work.,,P,,,לא מסכים בכלל-מסכים מאוד,,yes
efficiency_2,efficiency,efficiency,אני מתכנן/ת תוכניות ודובק/ת בהן,Make plans and stick to them.,,P,,,לא מסכים בכלל-מסכים מאוד,,yes
efficiency_3,efficiency,efficiency,אני מבצע/ת את תוכניותיי,Follow through with my plans.,,P,,,לא מסכים בכלל-מסכים מאוד,,yes
efficiency_4r,efficiency,efficiency,אני מבזבז/ת את זמני,Waste my time.,yes,P,,,לא מסכים בכלל-מסכים מאוד,,yes
efficiency_5r,efficiency,efficiency,אני מתקשה להתחיל לעבוד,Find it difficult to get down to work.,yes,P,,,לא מסכים בכלל-מסכים מאוד,,yes
efficiency_6r,efficiency,efficiency,אני דוחה החלטות,Postpone decisions.,yes,P,,,לא מסכים בכלל-מסכים מאוד,,yes
efficiency_7r,efficiency,efficiency,אני מתקשה להתחיל משימות,Have difficulty starting tasks.,yes,P,,,לא מסכים בכלל-מסכים מאוד,,yes
efficiency_8r,efficiency,efficiency,"במה שקשור לביצוע משימות אני צריך/ה שיעזרו לי ""להתניע""",Need a push to get started.,yes,P,,,לא מסכים בכלל-מסכים מאוד,,yes
efficiency_9r,efficiency,efficiency,אני לעיתים קרובות שוכח/ת לעשות דברים,Frequently forget to do things.,yes,P,,,לא מסכים בכלל-מסכים מאוד,,yes
resourcefulness_1,resourcefulness,learning competence,יכול/ה לעבוד תחת לחץ,Can work under pressure.,,P,,,לא מסכים בכלל-מסכים מאוד,,
resourcefulness_2,resourcefulness,learning competence,צריכ/ה שיסבירו לי פעם אחת בלבד ,Need things explained only once.,,P,,,לא מסכים בכלל-מסכים מאוד,,
resourcefulness_3,resourcefulness,learning competence,יכול/ה להתמודד עם הרבה מידע,Can handle a lot of information.,,P,,,לא מסכים בכלל-מסכים מאוד,,
resourcefulness_4,resourcefulness,learning competence,יכול/ה להתמודד עם כל דבר,Can tackle anything.,,P,,,לא מסכים בכלל-מסכים מאוד,,
resourcefulness_5,resourcefulness,learning competence,יכול/ה להתמודד עם הרבה דברים בו-זמנית,Can manage many things at the same time.,,P,,,לא מסכים בכלל-מסכים מאוד,,
resourcefulness_6,resourcefulness,learning competence,טוב/ה בהרבה דברים,Am good at many things.,,P,,,לא מסכים בכלל-מסכים מאוד,,
resourcefulness_7r,resourcefulness,learning competence,לא שמ/ה לב,Don't pay attention.,yes,P,,,לא מסכים בכלל-מסכים מאוד,,
resourcefulness_8r,resourcefulness,learning competence,מוותר/ת בקלות,Give up easily.,yes,P,,,לא מסכים בכלל-מסכים מאוד,,
growth_1,growth mindset,growth mindset,קורא/ת ספר הדרכה עצמי,Read a self-help book.,,P,,,לא מסכים בכלל-מסכים מאוד,,
growth_2,growth mindset,growth mindset,קניתי ספר הדרכה עצמי,Bought a self-help book.,,P,,,לא מסכים בכלל-מסכים מאוד,,
growth_3,growth mindset,growth mindset,למדתי נושאים,Studied some subject.,,P,,,לא מסכים בכלל-מסכים מאוד,,
growth_4,growth mindset,growth mindset,למדתי מיומנות חדשה,Learned a new skill,,P,,,לא מסכים בכלל-מסכים מאוד,,
growth_5,growth mindset,growth mindset,נרשמתי לקורס,Enrolled in a course of study.,,P,,,לא מסכים בכלל-מסכים מאוד,,
stability_1,emotional stability,emotional regulation,אני מתרגז/ת לעיתים רחוקות,Seldom get mad.,,P,,,לא מסכים בכלל-מסכים מאוד,,yes
stability_2,emotional stability,emotional regulation,אני לא מוטרד/ת בקלות,Am not easily bothered by things.,,P,,,לא מסכים בכלל-מסכים מאוד,,yes
stability_3,emotional stability,emotional regulation,אני לא נהיה/נהיית מתוסכל/ת בקלות,Am not easily frustrated.,,P,,,לא מסכים בכלל-מסכים מאוד,,yes
stability_4,emotional stability,emotional regulation,אני לעיתים רחוקות נעלב/ת,Seldom take offense.,,P,,,לא מסכים בכלל-מסכים מאוד,,yes
stability_5,emotional stability,emotional regulation,אני שומר/ת על קור רוח,Keep my cool.,,P,,,לא מסכים בכלל-מסכים מאוד,,yes
stability_6r,emotional stability,emotional regulation,אני נלחץ/ת בקלות,Get stressed out easily.,yes,P,,,לא מסכים בכלל-מסכים מאוד,,yes
stability_7r,emotional stability,emotional regulation,אני מוטרד/ת בקלות,Am easily disturbed.,yes,P,,,לא מסכים בכלל-מסכים מאוד,,yes
stability_8r,emotional stability,emotional regulation,אני משנה את מצב רוחי הרבה,Change my mood a lot.,yes,P,,,לא מסכים בכלל-מסכים מאוד,,yes
stability_9r,emotional stability,emotional regulation,אני חושב/ת הרבה על הבעיות שלי,Get caught up in my problems.,yes,P,,,לא מסכים בכלל-מסכים מאוד,,yes
negotiation_1,Interest in Negotiation,Interest in Negotiation,אני נהנה/ית להתמקח,I enjoy bargaining.,,P,,,לא מסכים בכלל-מסכים מאוד,,
negotiation_2,Interest in Negotiation,Interest in Negotiation,אני יכול/ה להציג את דעות הקבוצה שלי לאחרים,I can represent my group's views to others.,,P,,,לא מסכים בכלל-מסכים מאוד,,
negotiation_3,Interest in Negotiation,Interest in Negotiation,אני יכול/ה בדרך כלל להבין את שני הצדדים של בעיה מסוימת,I can usually understand both sides of an issue.,,P,,,לא מסכים בכלל-מסכים מאוד,,
negotiation_4,Interest in Negotiation,Interest in Negotiation,אני יכול/ה לתווך במריבות,I can mediate in quarrels.,,P,,,לא מסכים בכלל-מסכים מאוד,,
negotiation_5,Interest in Negotiation,Interest in Negotiation,אני נהנה/ית לפתור מחלוקות,I enjoy resolving disputes.,,P,,,לא מסכים בכלל-מסכים מאוד,,
negotiation_6,Interest in Negotiation,Interest in Negotiation,אני נהנה/ית לקחת חלק במשא ומתן,I enjoy negotiating.,,P,,,לא מסכים בכלל-מסכים מאוד,,
negotiation_7,Interest in Negotiation,Interest in Negotiation,אני מוכנ/ה להקריב על מנת להגיע לפשרה,I will sacrifice to reach a compromise.,,P,,,לא מסכים בכלל-מסכים מאוד,,
negotiation_8,Interest in Negotiation,Interest in Negotiation,אני יכול/ה לפתור עימותים,I can resolve conflicts.,,P,,,לא מסכים בכלל-מסכים מאוד,,
negotiation_9,Interest in Negotiation,Interest in Negotiation,אני מוכנ/ה להתפשר,I am willing to compromise.,,P,,,לא מסכים בכלל-מסכים מאוד,,
negotiation_10,Interest in Negotiation,Interest in Negotiation,אני יכול/ה לעזור לאחרים לגשר על ההבדלים ביניהם,I can help others reconcile their differences.,,P,,,לא מסכים בכלל-מסכים מאוד,,
negotiation_11,Interest in Negotiation,Interest in Negotiation,אני יכול/ה לחבר בין מתחרים,I can bring contesting people together.,,P,,,לא מסכים בכלל-מסכים מאוד,,
negotiation_12,Interest in Negotiation,Interest in Negotiation,אני יכול/ה לראות קווים משותפים גם בדעות מנוגדות,I can see common ground in opposing views.,,P,,,לא מסכים בכלל-מסכים מאוד,,
negotiation_13,Interest in Negotiation,Interest in Negotiation,אני אוהב/ת לנהל משא ומתן על מנת להגיע לפשרה,I like to negotiate compromise.,,P,,,לא מסכים בכלל-מסכים מאוד,,
confidence_1,confidence,confidence,אני בטוח/ה בעצמי,Am sure of my ground.,,P,,,לא מסכים בכלל-מסכים מאוד,,
confidence_2,confidence,confidence,מעריך/ה את עצמי,Think highly of myself.,,P,,,לא מסכים בכלל-מסכים מאוד,,
confidence_3,confidence,confidence,יודע/ת מיד מה עליי לעשות,Know immediately what to do.,,P,,,לא מסכים בכלל-מסכים מאוד,,
confidence_4r,confidence,confidence,לא מעריכ/ה את עצמי,Have a low opinion of myself.,yes,P,,,לא מסכים בכלל-מסכים מאוד,,
confidence_5r,confidence,confidence,ניתן להפחיד אותי בקלות,Am easily intimidated.,yes,P,,,לא מסכים בכלל-מסכים מאוד,,
confidence_6r,confidence,confidence,מאוים/ת בקלות,Feel threatened easily.,yes,P,,,לא מסכים בכלל-מסכים מאוד,,
work_tendency_1,work tendency,work tendency,אני מסוגל/ת לשתף פעולה עם אחרים,I am able to cooperate with others.,,P,,,לא מסכים בכלל-מסכים מאוד,,yes
work_tendency_2,work tendency,work tendency,אני עובד/ת טוב עם אחרים,I work well with others.,,P,,,לא מסכים בכלל-מסכים מאוד,,yes
work_tendency_3,work tendency,work tendency,אני נלהב/ת לעבוד עם אחרים,I'm eager to work with others.,,P,,,לא מסכים בכלל-מסכים מאוד,,yes
work_tendency_4,work tendency,work tendency,אני אוהב/ת לסייע ללקוחות,I like to assist clients or customers.,,P,,,לא מסכים בכלל-מסכים מאוד,,yes
work_tendency_5r,work tendency,work tendency,אני מעדיף/ה לעבוד לבד,I prefer to work alone.,yes,P,,,לא מסכים בכלל-מסכים מאוד,,yes
work_tendency_6r,work tendency,work tendency,אני לא אוהב/ת קבוצות עבודה,I dislike group projects.,yes,P,,,לא מסכים בכלל-מסכים מאוד,,yes
work_tendency_7,work tendency,work tendency,אני אוהב/ת להיות חלק מצוות,I like to be part of a team.,,P,,,לא מסכים בכלל-מסכים מאוד,,yes
work_tendency_8,work tendency,work tendency,הצלחת הצוות חשובה עבורי,Team success is important to me.,,P,,,לא מסכים בכלל-מסכים מאוד,,yes
work_tendency_9,work tendency,work tendency,הצלחת הצוות חשובה עבורי יותר מרווח אישי,Team success is more important than personal gain.,,P,,,לא מסכים בכלל-מסכים מאוד,,yes
work_tendency_10,work tendency,work tendency,אני מוכן/ה להקריב בשביל הצוות,I will sacrifice for the team.,,P,,,לא מסכים בכלל-מסכים מאוד,,yes
work_tendency_11,work tendency,work tendency,אני נהנה/ית לשתף פעולה במשימות שקשורות לעבודה,I enjoy collaborating on work tasks.,,P,,,לא מסכים בכלל-מסכים מאוד,,yes
work_tendency_12,work tendency,work tendency,אני אוהב/ת להיות חלק מקבוצה עם מטרה משותפת,I like being part of a group with a  common goal.,,P,,,לא מסכים בכלל-מסכים מאוד,,yes
work_tendency_13,work tendency,work tendency,אני חושב/ת שקבוצות טובות על מנת לפתור בעיות,I think groups are good for solving problems.,,P,,,לא מסכים בכלל-מסכים מאוד,,yes
details_1,Attentiveness to Details,Attentiveness to Details,אני שם/ה לב לפרטים,I pay attention to details.,,P,,,לא מסכים בכלל-מסכים מאוד,,yes
details_2,Attentiveness to Details,Attentiveness to Details,אני לא עוצר/ת עד שהכל מושלם,I continue until everything is perfect.,,P,,,לא מסכים בכלל-מסכים מאוד,,yes
details_3,Attentiveness to Details,Attentiveness to Details,אני לא אוהב/ת עבודה לא מושלמת,I dislike imperfect work.,,P,,,לא מסכים בכלל-מסכים מאוד,,yes
details_4,Attentiveness to Details,Attentiveness to Details,אני מדויק/ת בעבודתי,I am exacting in my work.,,P,,,לא מסכים בכלל-מסכים מאוד,,yes
details_5,Attentiveness to Details,Attentiveness to Details,אני רוצה שהכל יהיה מדויק,"I want everything to be ""just right"".",,P,,,לא מסכים בכלל-מסכים מאוד,,yes
details_6,Attentiveness to Details,Attentiveness to Details,אני רוצה שיתייחסו לכל פרט,I want every detail taken care of.,,P,,,לא מסכים בכלל-מסכים מאוד,,yes
details_7,Attentiveness to Details,Attentiveness to Details,באופן שגרתי אני עושה בקרה על עבודתי,I routinely double-check my work.,,P,,,לא מסכים בכלל-מסכים מאוד,,yes
details_8r,Attentiveness to Details,Attentiveness to Details,לעיתים רחוקות אני מבחין/ה בפרטים,I seldom notice details.,yes,P,,,לא מסכים בכלל-מסכים מאוד,,yes
details_9,Attentiveness to Details,Attentiveness to Details,אני פרפקציוניסט/ית,I'm a perfectionist.,,P,,,לא מסכים בכלל-מסכים מאוד,,yes
details_10r,Attentiveness to Details,Attentiveness to Details,אני לא דואג/ת לגבי פרטים קטנים,I don't worry about details.,yes,P,,,לא מסכים בכלל-מסכים מאוד,,yes
details_11,Attentiveness to Details,Attentiveness to Details,יש לי גישה קפדנית לעבודה,I take a meticulous approach to work.,,P,,,לא מסכים בכלל-מסכים מאוד,,yes
details_12,Attentiveness to Details,Attentiveness to Details,אני שמ/ה לב לפרטים שאחרים לא שמים אליהם לב,I pay attention to details others might overlook.,,P,,,לא מסכים בכלל-מסכים מאוד,,yes
details_13,Attentiveness to Details,Attentiveness to Details,אני מפקח/ת ביסודיות על מה שאחרים עושים,I inspect thoroughly what others do.,,P,,,לא מסכים בכלל-מסכים מאוד,,yes
details_14,Attentiveness to Details,Attentiveness to Details,אני רואה את עצמי כעובד/ת זהיר/ה,I think of myself as a careful worker.,,P,,,לא מסכים בכלל-מסכים מאוד,,yes
details_15r,Attentiveness to Details,Attentiveness to Details,אני לא מבזבז/ת זמן בדאגה לפרטים הקטנים,I don't waste time worrying about details.,yes,P,,,לא מסכים בכלל-מסכים מאוד,,yes
creativity_1,Desire to Generate Ideas,Desire to Generate Ideas,אני מלא/ה ברעיונות,I am full of ideas.,,P,,,לא מסכים בכלל-מסכים מאוד,,
creativity_2,Desire to Generate Ideas,Desire to Generate Ideas,אני אוהב/ת להמציא דרכים חדשות לעשות דברים,I like to think up new ways of doing things.,,P,,,לא מסכים בכלל-מסכים מאוד,,
creativity_3,Desire to Generate Ideas,Desire to Generate Ideas,אני חושב/ת על רעיונות חדשים,I think up new ideas.,,P,,,לא מסכים בכלל-מסכים מאוד,,
creativity_4,Desire to Generate Ideas,Desire to Generate Ideas,אני חושב/ת על אלטרנטיבות,I come up with alternatives.,,P,,,לא מסכים בכלל-מסכים מאוד,,
creativity_6,Desire to Generate Ideas,Desire to Generate Ideas,יש לי רעיונות מעולים,I have excellent ideas.,,P,,,לא מסכים בכלל-מסכים מאוד,,
creativity_7,Desire to Generate Ideas,Desire to Generate Ideas,אני מתרגש/ת מרעיונות חדשים,I get excited by new ideas.,,P,,,לא מסכים בכלל-מסכים מאוד,,
creativity_9,Desire to Generate Ideas,Desire to Generate Ideas,אני אוהב/ת לפתח רעיונות חדשים,I like to develop new ideas.,,P,,,לא מסכים בכלל-מסכים מאוד,,
creativity_10,Desire to Generate Ideas,Desire to Generate Ideas,אני אוהב/ת למצוא פתרונות ייחודיים לבעיות,I like to find unusual solutions to problems.,,P,,,לא מסכים בכלל-מסכים מאוד,,
creativity_11,Desire to Generate Ideas,Desire to Generate Ideas,אני מעדיפ/ה עבודה שדורשת חדשנות,I prefer jobs that require innovations.,,P,,,לא מסכים בכלל-מסכים מאוד,,
creativity_12,Desire to Generate Ideas,Desire to Generate Ideas,קל לי לחשוב על דרכים לפתרון בעיות,I find it easy to think of new ways to approach problems.,,P,,,לא מסכים בכלל-מסכים מאוד,,
creativity_13,Desire to Generate Ideas,Desire to Generate Ideas,אני יצירתי/ת,I am creative.,,P,,,לא מסכים בכלל-מסכים מאוד,,
think_through_1,thinking things through,thinking things through,אני מהרהר/ת על דברים,I spend time reflecting on things.,,P,,,לא מסכים בכלל-מסכים מאוד,,
think_through_2,thinking things through,thinking things through,אני אוהב/ת לפתור בעיות מסובכות,I like to solve complex problems.,,P,,,לא מסכים בכלל-מסכים מאוד,,
think_through_3,thinking things through,thinking things through,אני נהנה/ית לחשוב על דברים,I enjoy thinking about things.,,P,,,לא מסכים בכלל-מסכים מאוד,,
think_through_4,thinking things through,thinking things through,אני יכול/ה לזהות חשיבה פגומה,I can spot faulty reasoning.,,P,,,לא מסכים בכלל-מסכים מאוד,,
think_through_5,thinking things through,thinking things through,אני חושב/ת לעומק על דברים,I think deeply about things.,,P,,,לא מסכים בכלל-מסכים מאוד,,
think_through_6r,thinking things through,thinking things through,אני נמנע/ת מדיונים פילוסופיים,I avoid philosophical discussions .,yes,P,,,לא מסכים בכלל-מסכים מאוד,,
think_through_7r,thinking things through,thinking things through,אני לא מתעניין/ת בהשערות לגבי דברים,I am not interested in speculating about things.,yes,P,,,לא מסכים בכלל-מסכים מאוד,,
think_through_8r,thinking things through,thinking things through,אני לא אוהב/ת להרהר לגבי דברים,I don't like to ponder over things.,yes,P,,,לא מסכים בכלל-מסכים מאוד,,
think_through_9r,thinking things through,thinking things through,אני שונא/ת לנתח דברים לעומק,I hate to analyze things too much.,yes,P,,,לא מסכים בכלל-מסכים מאוד,,
think_through_10,thinking things through,thinking things through,אני חושב/ת על השלכות של פעולות,I think about consequences of actions.,,P,,,לא מסכים בכלל-מסכים מאוד,,
think_through_11,thinking things through,thinking things through,אני נוטה לעבור על התהליך במוחי לפני שאני מתחיל/ה משימה,I tend to go through procedures in my mind before actually starting a task.,,P,,,לא מסכים בכלל-מסכים מאוד,,
think_through_12,thinking things through,thinking things through,אני מעריכ/ה מידע לפני קבלתו,I evaluate information before accepting it.,,P,,,לא מסכים בכלל-מסכים מאוד,,
think_through_13,thinking things through,thinking things through,אני מנסה להבין את המצב לפני שאני מקבל/ת החלטה,I try to figure out what's going to happen before making a decision.,,P,,,לא מסכים בכלל-מסכים מאוד,,
think_through_14,thinking things through,thinking things through,אני מטיל/ה ספק בדברים שאני לא מבינ/ה,I question things I don't understand.,,P,,,לא מסכים בכלל-מסכים מאוד,,
conversation_dominnace_1,conversation_dominnace,assertiveness,"בשיחות שיש לי עם חברים, אני בדרך כלל מדבר/ת יותר מהם ","In conversations I have with friends, I usually talk more than they do",,P,,,לא מסכים בכלל-מסכים מאוד,,yes
conversation_dominnace_2r,conversation_dominnace,assertiveness,קורה לי הרבה פעמים שקוטעים את דבריי ,I am often interrupted while speaking,yes,P,,,לא מסכים בכלל-מסכים מאוד,,yes
conversation_dominnace_3,conversation_dominnace,assertiveness,קורה לא מעט שאני קוטע/ת את דבריהם של אחרים ,Happens quite a lot that I interrupt other people while speaking,,P,,,לא מסכים בכלל-מסכים מאוד,,yes
information_giving_1,information giving,information giving,אני אוהב/ת להסביר לאחרים על דברים שאני מבין/ה בהם ,I like to explain to others about things I Knowledgeable of,,P,,,לא מסכים בכלל-מסכים מאוד,,yes
information_giving_2r,information giving,information giving,זה מעצבן אותי כשמבקשים ממני הסברים ,It annoys me when I'm asked to give explanations ,yes,P,,,לא מסכים בכלל-מסכים מאוד,,yes
information_giving_3,information giving,information giving,לפעמים זה מרגיש לי שאני ממשיך/ה להסביר גם אחרי שאנשים כבר הבינו את כוונתי ,Sometimes it feels to me that I continue to explain even after people have already understood what I mean,,P,,,לא מסכים בכלל-מסכים מאוד,,yes
fast_promotion1,fast promotion,fast promotion,אני שואף/ת להתקדם בתפקיד כמה שיותר מהר ,I aspire to get a promotion as quickly as possible,,P,,,לא מסכים בכלל-מסכים מאוד,,yes
fast_promotion2,fast promotion,fast promotion,למלא שנתיים את אותו תפקיד זה יותר מדי זמן ,Two years in the same position is too long,,P,,,לא מסכים בכלל-מסכים מאוד,,yes
fast_promotion3r,fast promotion,fast promotion,אני מעדיף/ה לצבור מומחיות בתפקיד אחד מאשר לעבור בין תפקידים ,I prefer to specialize in one job than to switch roles,yes,P,,,לא מסכים בכלל-מסכים מאוד,,yes
openness_to_feedback_1,openness to feedback,learning competence,אני אוהב/ת לשמוע מה אנשים חושבים עליי ,I like to hear what people think of me,,P,,,לא מסכים בכלל-מסכים מאוד,,yes
openness_to_feedback_2r,openness to feedback,learning competence,אני מעדיף/ה לא לדעת מה אנשים חושבים עליי ,I prefer not to know what people think of me,yes,P,,,לא מסכים בכלל-מסכים מאוד,,yes
openness_to_feedback_3r,openness to feedback,learning competence,חשוב לי להיות צודק/ת בויכוחים ,It is important for me to be right in arguments,yes,P,,,לא מסכים בכלל-מסכים מאוד,,yes
openness_to_feedback_4r,openness to feedback,learning competence,לא מעניין אותי מה אנשים חושבים עליי ,I do not care what people think of me,yes,P,,,לא מסכים בכלל-מסכים מאוד,,yes
openness_to_feedback_5,openness to feedback,learning competence,יש הרבה תחומים שאני רוצה להשתפר בהם ,There are many areas where I want to improve,,P,,,לא מסכים בכלל-מסכים מאוד,,yes
openness_to_feedback_6r,openness to feedback,learning competence,אני מי שאני ולא אשתנה בשביל אחרים ,I am who I am and will not change for others,yes,P,,,לא מסכים בכלל-מסכים מאוד,,yes
charisma_1,charisma,charisma,אני בעל/ת נוכחות בחדר,I am someone who has a presence in a room,,P,,,לא מסכים בכלל-מסכים מאוד,,
charisma_2,charisma,charisma,אני בעל/ת יכולת להשפיע על אחרים,I am someone who has the ability to influence people,,P,,,לא מסכים בכלל-מסכים מאוד,,
charisma_3,charisma,charisma,אני יודע/ת איך להנהיג קבוצה,I am someone who knows how to lead a group,,P,,,לא מסכים בכלל-מסכים מאוד,,
charisma_4,charisma,charisma,אני יודע/ת מה גורם לאנשים להרגיש בנוח,I am someone who makes people feel comfortable,,P,,,לא מסכים בכלל-מסכים מאוד,,
charisma_5,charisma,charisma,אני מחייך/ת לאנשים לעיתים קרובות,I am someone who smiles at people often,,P,,,לא מסכים בכלל-מסכים מאוד,,
charisma_6,charisma,charisma,אני יכול/ה להסתדר עם כל אחד,I am someone who can get along with anyone,,P,,,לא מסכים בכלל-מסכים מאוד,,
cultural_power_1,cultural power,cultural fit,חופש פעולה,Freedom of action,,F,,,כלל לא חשוב לי-חשוב לי מאוד,,yes
cultural_power_2,cultural power,cultural fit,לתרום תרומה ייחודית,Make a unique contribution,,F,,,כלל לא חשוב לי-חשוב לי מאוד,,yes
cultural_power_3,cultural power,cultural fit,להיות יצירתי/ת,Being creative,,F,,,כלל לא חשוב לי-חשוב לי מאוד,,yes
cultural_dynamic_4r,cultural dynamic,cultural fit,שיהיה לי תחום אחריות ממוקד,Focused area of responsibility ,yes,F,,,כלל לא חשוב לי-חשוב לי מאוד,,yes
cultural_power_5,cultural power,cultural fit,להיות בעמדת השפעה,Be in a position of influence,,F,,,כלל לא חשוב לי-חשוב לי מאוד,,yes
cultural_power_6,cultural power,cultural fit,סביבה תחרותית,competitive environment,,F,,,כלל לא חשוב לי-חשוב לי מאוד,,yes
cultural_power_7,cultural power,cultural fit,שיהיו לי הרבה תחומי אחריות,Have a lot of responsibility areas,,F,,,כלל לא חשוב לי-חשוב לי מאוד,,yes
cultural_energy_8,cultural energy,cultural fit,להנות,Have fun,,F,,,כלל לא חשוב לי-חשוב לי מאוד,,yes
cultural_energy_9,cultural energy,cultural fit,סביבה רגועה (רמת לחץ נמוכה),Calm environment (low pressure level),,F,,,כלל לא חשוב לי-חשוב לי מאוד,,yes
cultural_interpersonal_10,cultural interpersonal,cultural fit,גיבוי של חברי הצוות,Backup of team members,,F,,,כלל לא חשוב לי-חשוב לי מאוד,,yes
cultural_interpersonal_11,cultural interpersonal,cultural fit,ניהול בגובה העיניים,Eye-level management,,F,,,כלל לא חשוב לי-חשוב לי מאוד,,yes
cultural_interpersonal_12,cultural interpersonal,cultural fit,סביבה תומכת,Supportive environment,,F,,,כלל לא חשוב לי-חשוב לי מאוד,,yes
cultural_interpersonal_13,cultural interpersonal,cultural fit,להרגיש מוערך/ת,Feel appreciated,,F,,,כלל לא חשוב לי-חשוב לי מאוד,,yes
cultural_interpersonal_14,cultural interpersonal,cultural fit,סביבה נטולת עימותים,Conflict-free environment,,F,,,כלל לא חשוב לי-חשוב לי מאוד,,yes
cultural_interpersonal_15,cultural interpersonal,cultural fit,יחס מכבד של ההנהלה,Respect from management,,F,,,כלל לא חשוב לי-חשוב לי מאוד,,yes
cultural_interpersonal_16,cultural interpersonal,cultural fit,לעבוד בצוות,Work in a team,,F,,,כלל לא חשוב לי-חשוב לי מאוד,,yes
cultural_dynamic_17r,cultural dynamic,cultural fit,לקבל הנחיות ברורות ומוגדרות,Get clear and defined instructions,yes,F,,,כלל לא חשוב לי-חשוב לי מאוד,,yes
cultural_dynamic_18,cultural dynamic,cultural fit,גמישות של ההנהלה ומקבלי ההחלטות,Flexibility of management / decision makers,,F,,,כלל לא חשוב לי-חשוב לי מאוד,,yes
cultural_dynamic_19,cultural dynamic,cultural fit,"עבודה שיש בה ""אקשן"" (הרבה שינויים, אתגרים, יעדים משתנים)","A work that has ""action"" (many changes, challenges, changing goals)",,F,,,כלל לא חשוב לי-חשוב לי מאוד,,yes
cultural_content_20,cultural content,cultural fit,עבודה מגוונת,Diverse work,,F,,,כלל לא חשוב לי-חשוב לי מאוד,,yes
cultural_content_21,cultural content,cultural fit,לעשות עבודה בעלת משמעות,Meaningful work,,F,,,כלל לא חשוב לי-חשוב לי מאוד,,yes
cultural_content_22,cultural content,cultural fit,לעשות משהו שמעניין אותי,Do something that interests me,,F,,,כלל לא חשוב לי-חשוב לי מאוד,,yes
cultural_growth_23,cultural growth,cultural fit,ליווי וחניכה,Guiding and mentoring,,F,,,כלל לא חשוב לי-חשוב לי מאוד,,yes
cultural_growth_24,cultural growth,cultural fit,עבודה מאתגרת שכל הזמן מאלצת אותי להשתפר,A challenging job that constantly forces me to improve,,F,,,כלל לא חשוב לי-חשוב לי מאוד,,yes
cultural_growth_25,cultural growth,cultural fit,ללמוד דברים חדשים כל הזמן,Learn new things all the time,,F,,,כלל לא חשוב לי-חשוב לי מאוד,,yes
cultural_status_26,cultural status,cultural fit,לעבוד בארגון מבוסס ויציב,Work in a stable organization,,F,,,כלל לא חשוב לי-חשוב לי מאוד,,yes
cultural_status_27,cultural status,cultural fit,האפשרות להתקדם בארגון,Possibility to get promoted in the organization,,F,,,כלל לא חשוב לי-חשוב לי מאוד,,yes
cultural_status_28,cultural status,cultural fit,להרוויח שכר ראוי,Earn proper salary,,F,,,כלל לא חשוב לי-חשוב לי מאוד,,yes
cultural_status_29,cultural status,cultural fit,"האפשרות להיות מתוגמל/ת בהתאם לביצועים (בונוסים, תמריצים)","The possibility of being rewarded according to performance (bonuses, incentives)",,F,,,כלל לא חשוב לי-חשוב לי מאוד,,yes
cultural_status_30,cultural status,cultural fit,"הטבות (אוכל, ימי כיף, נופשונים)","Benefits (food, fun days, vacations)",,F,,,כלל לא חשוב לי-חשוב לי מאוד,,yes
app_exp_1,applicant experience,applicant experience,השאלות בשאלון היו ברורות (מנוסחות בצורה מובנת),The questions in the questionnaire were clear (phrased in understandable terms),,P,,,לא מסכים בכלל-מסכים מאוד,,yes
app_exp_2r,applicant experience,applicant experience,השאלות בשאלון היו קשות,The questions in the questionnaire were difficult,,P,,,לא מסכים בכלל-מסכים מאוד,,yes
app_exp_3_r,applicant experience,applicant experience,מילוי השאלון היה מעייף,Filling out the questionnaire was exhausting,,P,,,לא מסכים בכלל-מסכים מאוד,,yes
app_exp_4_r,applicant experience,applicant experience,לקח לי הרבה זמן למלא את השאלון,It took me a long time to fill out the questionnaire,,P,,,לא מסכים בכלל-מסכים מאוד,,yes
cognitive_arithmetic_3,cognitive - arithmetic,cognitive,מנה אחת של בצק עוגיות מספיקה לייצור 4 עוגיות. כמה עוגיות אפשר לייצר מ-7 מנות של בצק עוגיות?,One portion of cookie dough is enough to make 4 cookies. How many cookies can you make from 7 portions of cookie dough?,,C,28,28,פתוח,open question,yes
cognitive_arithmetic_6,cognitive - arithmetic,cognitive,"למאור היו 4 שקלים, איתם הוא קנה קפה ב-0.79 שקלים, צ'יפס ב-1.69 שקלים וכרטיס לוטו ב-1.00 שקלים. כמה עודף מאוד צריך לקבל?","Maor had 4 NIS. he bought coffee for 0.79  NIS , chips for 1.69  NIS  and a lottery ticket for 1.00  NIS . How much change he should get?",,C,0.52,0.52,"1.52, 1.12, 0.48, 0.52, 0","1.52, 1.12, 0.48, 0.52, 0",yes
cognitive_logic_7,cognitive - logic,cognitive,יוסי גבוה יותר מיוספה. רונה גבוהה יותר מיוסי. מי הכי גבוה?,Yossi is taller than Yosefa. Rona is taller than Yossi. Who is the highest?,,C,רונה,Rona,"יוסי, יוספה, רונה, לא ניתן לדעת","Yosi, Yosefa, Rona,  There is no way to know",yes
cognitive_arithmetic_9,cognitive - arithmetic,cognitive,"אם דניאל שוקל 150 קילו, עידו שוקל 125 קילו, ויניב שוקל 175 קילו, כל זוג מביניהם שוקל ביחד 300 קילו.","If Daniel weighs 150 kg, Ido weighs 125 kg and Yaniv weighs 175 kilos, each pair weighs 300 kg.",,C,לא נכון,FALSE,"true, false","true, false",yes
cognitive_arithmetic_10,cognitive - arithmetic,cognitive,זוג נעליים עולה 27 שקלים. מחר יש מבצע על נעליים בו יציעו שני זוגות ב-45 שקלים. כמה עולים 3 זוגות נעליים היום?,A pair of shoes cost  27 NIS. Tomorrow there is a sale on shoes that will offer two pairs for 45 NIS. How much will 3 pairs of shoes cost today?,,C,81 שקלים,81 NIS,"27, 72, 81, 162","27, 72, 81, 162",yes
cognitive _logic_1,cognitive - logic,cognitive,"חלק מהגובלינים הם פנגינים, וכל הפנגינים הם גרבילאים. האם חלק מהגובלינים בוודאות גרבילאים?","Some goblins are penguins, and all the penguins are gerbils. Are some goblins for sure gerbils?",,C,כן,yes,"כן, לא","yes, no",
cognitive_logic_5,cognitive - logic,cognitive,מספר שעות החושך והאור בחודש מרץ הכי קרוב למספר שעות החושך והאור בחודש...,The number of hours of darkness and light in March is closest to the number of hours of darkness and light in the month ,,C,אפריל,April,"יולי, אפריל, ספטמבר, דצמבר","July, April, September, December",yes
cognitive_quantitivelogic_8,cognitive - quantitive logic,cognitive,"השלם/י את החסר:21 ,___ ,8 ,5 ,3 ,2 ,1 ,1 ,0","complete the missing number: 21 ,__ ,8 ,5 ,3 ,2 ,1 ,1 ,0",,C,13,13,פתוח,open question,yes
cognitive_arithmetic11,cognitive - arithmetic,cognitive,שלושה צבעים מסוגלים לצבוע שלושה קירות בשלוש דקות. כמה צבעים נדרשים לצביעת 27 קירות ב-9 דקות?,Three painters can paint three walls in three minutes. How many painters do you need to paint 27 walls in 9 minutes?,,C,3,3,"3, 6, 9, 12, 15","3, 6, 9, 12, 15",yes
ognitive _quantitivelogic_2,cognitive - quantitive logic,cognitive,"עוד שש שנים, דנה תהיה כפליים בגיל מרוני. לפני שנה, דנה הייתה פי תשעה בגיל מרוני. בת כמה דנה היום?","Six years from now, Dana will be two times older than Roni. A year ago, Dana was nine times older than Roni. How old is Dana today? ",,C,10,10,"9, 10, 11, 12, 14","9, 10, 11, 12, 14",yes
cognitive_quantitivelogic_4,cognitive - quantitive logic,cognitive,בכיתת מדעים יש פי שניים בנים מבנות. במבחן המסכם ממוצע הבנות היה 90 נקודות והכיתה כולה השיגה ממוצע של 80. מה הממוצע של הבנים בכיתה?,There are twice as many boys in a science class as girls. The girls final test average was 90 points and the whole class got an average of 80. What was average grade of the boys?,,C,75,75,"75, 85, 80, 70","75, 85, 80, 70",
biographical_1,biographic,biographic,כשמסרבים לבקשה שלי בנושא שחשוב לי אני,When someone refuse my request for a subject that is important to me I,,B,מעולם לא סירבו לי : honestyItem; מתעצבן/ת ותופס/ת מרחק : 1; נפגע/ת ומתכנס/ת בעצמי : 1; מתעצבן/ת ומנסה לשכנע : 2; לא מתייאש/ת ומנסה לשכנע : 3; מנסה להבין את הסיבות לסירוב ולשוחח על העניין : 5,no one ever refused me: honestyItem; get angry and takes a step back : 1; get offended and withdraw into myself: 1; get angry and try to convince  : 2; don't give up and try to convince : 3; Try to understand the reasons for the refusal and to discuss the matter: 5,,,yes
biographical_2,biographic,biographic,"כשמישהו מעליב אותי או פוגע בכבודי, אני",When someone offend or insult me I,,B,אף אחד לא העליב אותי אף פעם : honestyItem; מעליב/ה אותו בחזרה : 1; נפגע/ת ומתרחק/ת ממנו : 2; מעמיד/ה אותו במקום : 3; מתעלם/ת : 3; אומר/ת לו שנפגעתי ושהתנהגותו לא הייתה לעניין : 5,no one ever insulted me: honestyItem; insult him back: 1; get offended and stay away: 2; put him in his place: 3; ignore : 3; tell him that I was offended and that his behavior wasn't appropriate: 5,,,yes
biographical_3,biographic,biographic,"כשפוגעים בי ולאחר מכן מבקשים סליחה, אני בדרך כלל",When someone insults me and then ask forgiveness I usually,,B,אף פעם לא פגעו בי : honestyItem; לא סולח/ת : 1; סולח/ת אבל לא שוכח/ת : 2; סולח/ת אבל תופס/ת מרחק : 2; סולח/ת תמיד : 3; סולח/ת אם אני מרגיש/ה שההתנצלות הייתה כנה : 5,no one ever insulted me: honestyItem; don’t forgive: 1; forgive but not forget : 2; forgive but stay away : 2; always forgive : 3; forgive if I feel the apology was sincere: 5,,,yes
biographical_4,biographic,biographic,"בהשוואה לחברים שלי, יש לי ""פיוז"" קצר (סבלנות נמוכה)","Compared to my friends, I have a low patience",,B,נכון מאוד : 1; נכון : 2; ככה-ככה : 3; לא נכון : 4; ממש לא נכון : 5,completely true : 1; true: 2; neither true nor false: 3; not true : 4; completely not true : 5,,,yes
biographical_5,biographic,biographic,חברים שלי יגידו שאני לוקח/ת דברים ללב,My friends will say I take things to heart,,B,נכון מאוד : 1; נכון : 2; ככה-ככה : 3; לא נכון : 4; ממש לא נכון : 5,completely true : 1; true: 2; neither true nor false: 3; not true : 4; completely not true : 6,,,yes
biographical_6,biographic,biographic,לוקח לי הרבה זמן להתאושש מפגיעה,It takes me a long time to recover from an insult,,B,נכון מאוד : 1; נכון : 2; ככה-ככה : 3; לא נכון : 4; ממש לא נכון : 5,completely true : 1; true: 2; neither true nor false: 3; not true : 4; completely not true : 7,,,yes
biographical_7,biographic,biographic,"כשאני עצבני/ת, אני נוטה להוציא עצבים על אנשים שקרובים אליי","When I'm nervous, I tend to get my nerves out on people who are close to me",,B,נכון מאוד : 1; נכון : 2; ככה-ככה : 3; לא נכון : 4; ממש לא נכון : 5,completely true : 1; true: 2; neither true nor false: 3; not true : 4; completely not true : 8,,,yes
biographical_8,biographic,biographic,"לפני שאני אומר/ת או עושה משהו, אני תמיד חושב/ת מה אחרים יחשבו או יגידו על זה","Before I say or do something, I always think what others will think or say about it",,B,נכון מאוד : 5; נכון : 4; ככה-ככה : 3; לא נכון : 2; ממש לא נכון : 1,completely true : 1; true: 2; neither true nor false: 3; not true : 4; completely not true : 9,,,yes
biographical_9,biographic,biographic,אילו מבין המשפטים הבאים מתאר בצורה הטובה ביותר כיצד את/ה מתנהג/ת במצבי עימות?,Which of the following sentences best describes how you behave in conflict situations?,,B,"מעולם לא הייתי במצב של עימות : honestyItem; אני מאוד ""דוגרי"", אומר/ת דברים ישר בפנים : 1; אני מרכך/ת את הדברים ואומר/ת אותם בצורה שיהיה יותר קל לצד השני לשמוע : 3; אני חושש/ת לפגוע בצד השני ולכן לרוב נמנע/ת ממצבי עימות : 4; אני חושש/ת לפגוע בצד השני ואומר/ת את הדברים ממש בעדינות : 5","I've never been in a situation of conflict : honestyItem; I am a straightforward person, I say things directly : 1; I soften things up and say them in a way that makes it easier for the other side to hear : 3; I am afraid of harming the other side,  therefore I usually avoid situations of conflict and things to myself: 4; I'm afraid of hurting the other side and say things very gently : 5",,,yes
biographical_10,biographic,biographic,אילו מבין המשפטים הבאים מתאר בצורה הטובה ביותר את תפיסת עולמך?,Which of the following sentences best describes your worldview,,B,"בני אדם הם יצורים מושלמים : 1; בני אדם הם אינטרסנטים (דואגים לעצמם לפני אחרים) מטבעם : 1; יש בני אדם טובים ויש בני אדם רעים בעולם : 2; אדם יכול להיות טוב או רע, תלוי במצב : 5; בני אדם הם טובים מטבעם : 5","Humans are perfect creatures: 1; People are self-interested (taking care of themselves before others) by nature : 1; There are good people and bad people in the world: 2; A person can be good or bad, depending on the situation: 5; People are good by nature : 5",,,yes
biographical_11,biographic,biographic,"אם היינו מבקשים מהחבר/ה הכי טוב/ה שלך לבחור בשבילך את אחת מהעבודות הבאות, איזו הוא/היא היה בוחר/ת?","If we asked your best friend to choose one of the following jobs for you, what would he/she choose?",,B,חוקר במעבדה : 1; איש מחשבים : 2; נגר : 2; כלכלן : 3; וטרינר : 4; עובד סוציאלי : 5,Researcher in the laboratory : 1; Computer guy : 2; Carpenter: 2;Economist : 3; Veterinarian : 4; Social Worker: 5,,,yes